<?xml version="1.0" ?>
<LOG_ROOT>
	<PROJECT NAME="animation">
		<CBX_INST_ENTRY INSTANCE_NAME="|animation|bg_start_mem:bg_start|altsyncram:altsyncram_component" CBX_FILE_NAME="altsyncram_9ic1.tdf"/>
		<CBX_INST_ENTRY INSTANCE_NAME="|animation|ddrnice:ddr_nice_draw|altsyncram:altsyncram_component" CBX_FILE_NAME="altsyncram_0cc1.tdf"/>
		<CBX_INST_ENTRY INSTANCE_NAME="|animation|down:down_arrow|altsyncram:altsyncram_component" CBX_FILE_NAME="altsyncram_c0c1.tdf"/>
		<CBX_INST_ENTRY INSTANCE_NAME="|animation|img_mem:right|altsyncram:altsyncram_component" CBX_FILE_NAME="altsyncram_i3c1.tdf"/>
		<CBX_INST_ENTRY INSTANCE_NAME="|animation|vga_adapter:VGA|vga_pll:mypll|altpll:altpll_component" CBX_FILE_NAME="altpll_43u.tdf"/>
		<CBX_INST_ENTRY INSTANCE_NAME="|animation|bg_end_mem:bg_end|altsyncram:altsyncram_component" CBX_FILE_NAME="altsyncram_iac1.tdf"/>
		<CBX_INST_ENTRY INSTANCE_NAME="|animation|bg_mem:bg|altsyncram:altsyncram_component" CBX_FILE_NAME="altsyncram_1oc1.tdf"/>
		<CBX_INST_ENTRY INSTANCE_NAME="|animation|left_mem:left|altsyncram:altsyncram_component" CBX_FILE_NAME="altsyncram_vvb1.tdf"/>
		<CBX_INST_ENTRY INSTANCE_NAME="|animation|up:up_arrow|altsyncram:altsyncram_component" CBX_FILE_NAME="altsyncram_ppb1.tdf"/>
		<CBX_INST_ENTRY INSTANCE_NAME="|animation|vga_adapter:VGA|altsyncram:VideoMemory" CBX_FILE_NAME="altsyncram_v6g1.tdf"/>
	</PROJECT>
</LOG_ROOT>
